Word,Emotion,Affiliation
abacus,trust,1
abba,positive,1
abbot,trust,1
ability,positive,1
abovementioned,positive,1
absolute,positive,1
absolution,joy,1
absolution,positive,1
absolution,trust,1
absorbed,positive,1
abundance,joy,1
abundance,positive,1
abundance,trust,1
abundant,joy,1
abundant,positive,1
academic,positive,1
academic,trust,1
academy,positive,1
acceptable,positive,1
acceptance,positive,1
accessible,positive,1
accolade,joy,1
accolade,positive,1
accolade,trust,1
accommodation,positive,1
accompaniment,joy,1
accompaniment,positive,1
accompaniment,trust,1
accomplish,joy,1
accomplish,positive,1
accomplished,joy,1
accomplished,positive,1
accomplishment,positive,1
accord,positive,1
accord,trust,1
account,trust,1
accountability,positive,1
accountability,trust,1
accountable,positive,1
accountable,trust,1
accountant,trust,1
accounts,trust,1
accredited,positive,1
accredited,trust,1
accueil,positive,1
accurate,positive,1
accurate,trust,1
ace,positive,1
achieve,joy,1
achieve,positive,1
achieve,trust,1
achievement,joy,1
achievement,positive,1
achievement,trust,1
acknowledgment,positive,1
acquire,positive,1
acquiring,positive,1
acrobat,joy,1
acrobat,positive,1
acrobat,trust,1
action,positive,1
actual,positive,1
acuity,positive,1
acumen,positive,1
adapt,positive,1
adaptable,positive,1
addresses,positive,1
adept,positive,1
adequacy,positive,1
adhering,trust,1
adjunct,positive,1
administrative,trust,1
admirable,joy,1
admirable,positive,1
admirable,trust,1
admiral,positive,1
admiral,trust,1
admiration,joy,1
admiration,positive,1
admiration,trust,1
admire,positive,1
admire,trust,1
admirer,positive,1
admissible,positive,1
admissible,trust,1
adorable,joy,1
adorable,positive,1
adoration,joy,1
adoration,positive,1
adoration,trust,1
adore,joy,1
adore,positive,1
adore,trust,1
advance,joy,1
advance,positive,1
advanced,positive,1
advancement,positive,1
advantage,positive,1
advantageous,positive,1
advent,joy,1
advent,positive,1
advent,trust,1
adventure,positive,1
adventurous,positive,1
advice,trust,1
advisable,positive,1
advisable,trust,1
advise,positive,1
advise,trust,1
advised,trust,1
adviser,positive,1
adviser,trust,1
advocacy,joy,1
advocacy,positive,1
advocacy,trust,1
advocate,trust,1
aesthetic,positive,1
aesthetics,joy,1
aesthetics,positive,1
affable,positive,1
affection,joy,1
affection,positive,1
affection,trust,1
affiliated,positive,1
affirm,positive,1
affirm,trust,1
affirmation,positive,1
affirmative,positive,1
affirmatively,positive,1
affirmatively,trust,1
affluence,joy,1
affluence,positive,1
affluent,positive,1
afford,positive,1
aga,positive,1
aga,trust,1
agile,positive,1
agility,positive,1
agree,positive,1
agreeable,positive,1
agreeable,trust,1
agreed,positive,1
agreed,trust,1
agreeing,positive,1
agreeing,trust,1
agreement,positive,1
agreement,trust,1
agriculture,positive,1
ahead,positive,1
aid,positive,1
aiding,positive,1
akin,trust,1
alabaster,positive,1
alb,trust,1
alertness,positive,1
alimentation,positive,1
alive,joy,1
alive,positive,1
alive,trust,1
allay,positive,1
allegiance,positive,1
allegiance,trust,1
allegro,positive,1
alleviate,positive,1
alleviation,positive,1
alliance,trust,1
allied,positive,1
allied,trust,1
allowable,positive,1
allure,joy,1
allure,positive,1
alluring,positive,1
ally,positive,1
ally,trust,1
almighty,positive,1
aloha,joy,1
aloha,positive,1
amazingly,joy,1
amazingly,positive,1
ambassador,positive,1
ambassador,trust,1
ambition,joy,1
ambition,positive,1
ambition,trust,1
ambulance,trust,1
ameliorate,positive,1
amen,joy,1
amen,positive,1
amen,trust,1
amenable,positive,1
amend,positive,1
amends,positive,1
amenity,positive,1
amiable,positive,1
amicable,joy,1
amicable,positive,1
amnesty,joy,1
amnesty,positive,1
amortization,trust,1
amour,joy,1
amour,positive,1
amour,trust,1
amuse,joy,1
amuse,positive,1
amused,joy,1
amused,positive,1
amusement,joy,1
amusement,positive,1
amusing,joy,1
amusing,positive,1
analyst,positive,1
analyst,trust,1
ancestral,trust,1
anchor,positive,1
anchorage,positive,1
angel,joy,1
angel,positive,1
angel,trust,1
angelic,joy,1
angelic,positive,1
angelic,trust,1
animate,positive,1
animated,joy,1
animated,positive,1
answerable,trust,1
antibiotics,positive,1
antidote,positive,1
antidote,trust,1
antifungal,positive,1
antifungal,trust,1
antique,positive,1
antiseptic,positive,1
antiseptic,trust,1
aplomb,positive,1
apologetic,positive,1
apologetic,trust,1
apologize,positive,1
apologize,trust,1
apology,positive,1
apostle,positive,1
apostle,trust,1
apostolic,trust,1
applause,joy,1
applause,positive,1
applause,trust,1
appreciation,joy,1
appreciation,positive,1
appreciation,trust,1
apprentice,trust,1
approbation,positive,1
approbation,trust,1
approval,positive,1
approve,joy,1
approve,positive,1
approve,trust,1
approving,positive,1
apt,positive,1
aptitude,positive,1
arbiter,trust,1
arbitrator,trust,1
archaeology,positive,1
architecture,trust,1
ardent,joy,1
ardent,positive,1
ardor,positive,1
aristocracy,positive,1
aristocratic,positive,1
armed,positive,1
armor,positive,1
armor,trust,1
armory,trust,1
aroma,positive,1
arouse,positive,1
array,positive,1
art,joy,1
art,positive,1
articulate,positive,1
articulation,positive,1
artisan,positive,1
artiste,positive,1
artistic,positive,1
ascendancy,positive,1
ascent,positive,1
aspiration,joy,1
aspiration,positive,1
aspiration,trust,1
aspire,joy,1
aspire,positive,1
aspiring,joy,1
aspiring,positive,1
aspiring,trust,1
assembly,positive,1
assembly,trust,1
assent,positive,1
asserting,positive,1
asserting,trust,1
assessment,trust,1
assessor,trust,1
assets,positive,1
assignee,trust,1
assist,positive,1
assist,trust,1
assistance,positive,1
associate,positive,1
associate,trust,1
association,trust,1
assuage,positive,1
assurance,positive,1
assurance,trust,1
assure,trust,1
assured,positive,1
assured,trust,1
assuredly,trust,1
astonishingly,positive,1
astonishment,joy,1
astonishment,positive,1
astrologer,positive,1
astronaut,positive,1
astronomer,positive,1
astute,positive,1
athlete,positive,1
athletic,positive,1
atom,positive,1
atone,joy,1
atone,positive,1
atone,trust,1
atonement,positive,1
attachment,positive,1
attainable,positive,1
attainment,positive,1
attendant,positive,1
attendant,trust,1
attention,positive,1
attentive,positive,1
attentive,trust,1
attest,positive,1
attest,trust,1
attestation,trust,1
attorney,positive,1
attorney,trust,1
attraction,positive,1
attractiveness,positive,1
auditor,trust,1
augment,positive,1
august,positive,1
aunt,positive,1
aunt,trust,1
aura,positive,1
auspicious,joy,1
auspicious,positive,1
authentic,joy,1
authentic,positive,1
authentic,trust,1
authenticate,trust,1
authentication,trust,1
authenticity,positive,1
authenticity,trust,1
author,positive,1
author,trust,1
authoritative,positive,1
authoritative,trust,1
authority,positive,1
authority,trust,1
authorization,positive,1
authorization,trust,1
authorize,trust,1
authorized,positive,1
automatic,trust,1
avatar,positive,1
award,joy,1
award,positive,1
award,trust,1
axiom,trust,1
axiomatic,trust,1
ay,positive,1
aye,positive,1
baby,joy,1
baby,positive,1
babysitter,trust,1
baccalaureate,positive,1
backbone,positive,1
backbone,trust,1
backer,trust,1
badge,trust,1
bailiff,trust,1
bait,trust,1
balance,positive,1
balanced,positive,1
ballad,positive,1
ballet,positive,1
ballot,positive,1
ballot,trust,1
balm,joy,1
balm,positive,1
balsam,positive,1
bank,trust,1
banker,trust,1
banquet,joy,1
banquet,positive,1
baptism,positive,1
baptismal,joy,1
baptismal,positive,1
bard,positive,1
bargain,positive,1
bargain,trust,1
bartender,trust,1
barter,trust,1
base,trust,1
basketball,joy,1
basketball,positive,1
bastion,positive,1
bath,positive,1
beach,joy,1
beam,joy,1
beam,positive,1
beaming,joy,1
beaming,positive,1
beautification,joy,1
beautification,positive,1
beautification,trust,1
beautiful,joy,1
beautiful,positive,1
beautify,joy,1
beautify,positive,1
beauty,joy,1
beauty,positive,1
bedrock,positive,1
bedrock,trust,1
beer,joy,1
beer,positive,1
befitting,positive,1
befriend,joy,1
befriend,positive,1
befriend,trust,1
believed,trust,1
believer,trust,1
believing,positive,1
believing,trust,1
benefactor,positive,1
benefactor,trust,1
beneficial,positive,1
benefit,positive,1
benevolence,joy,1
benevolence,positive,1
benevolence,trust,1
benign,joy,1
benign,positive,1
bequest,trust,1
berth,positive,1
betrothed,joy,1
betrothed,positive,1
betrothed,trust,1
betterment,positive,1
beverage,positive,1
biblical,positive,1
bilingual,positive,1
birth,joy,1
birth,positive,1
birth,trust,1
birthday,joy,1
birthday,positive,1
blameless,positive,1
blanket,trust,1
bless,joy,1
bless,positive,1
bless,trust,1
blessed,joy,1
blessed,positive,1
blessing,joy,1
blessing,positive,1
blessing,trust,1
blessings,joy,1
blessings,positive,1
blessings,trust,1
bliss,joy,1
bliss,positive,1
blissful,joy,1
blissful,positive,1
bloodless,positive,1
bloom,joy,1
bloom,positive,1
bloom,trust,1
blossom,joy,1
blossom,positive,1
boast,positive,1
bodyguard,positive,1
bodyguard,trust,1
boisterous,joy,1
boisterous,positive,1
bold,positive,1
boldness,positive,1
bolster,positive,1
bonanza,joy,1
bonanza,positive,1
bonne,positive,1
bonus,joy,1
bonus,positive,1
bookish,positive,1
bookshop,positive,1
bookworm,positive,1
boomerang,trust,1
boon,positive,1
bountiful,joy,1
bountiful,positive,1
bounty,joy,1
bounty,positive,1
bounty,trust,1
bouquet,joy,1
bouquet,positive,1
bouquet,trust,1
brains,positive,1
bravery,positive,1
breakfast,positive,1
bridal,joy,1
bridal,positive,1
bridal,trust,1
bride,joy,1
bride,positive,1
bride,trust,1
bridegroom,joy,1
bridegroom,positive,1
bridegroom,trust,1
bridesmaid,joy,1
bridesmaid,positive,1
bridesmaid,trust,1
brighten,joy,1
brighten,positive,1
brighten,trust,1
brightness,positive,1
brilliant,joy,1
brilliant,positive,1
brilliant,trust,1
brocade,positive,1
brother,positive,1
brother,trust,1
brotherhood,positive,1
brotherhood,trust,1
brotherly,joy,1
brotherly,positive,1
brotherly,trust,1
buck,positive,1
buddy,joy,1
buddy,positive,1
buddy,trust,1
budget,trust,1
build,positive,1
building,positive,1
bulldog,positive,1
bulletproof,positive,1
buoy,positive,1
bureaucracy,trust,1
bursary,trust,1
buss,joy,1
buss,positive,1
butler,positive,1
butler,trust,1
buttery,positive,1
buxom,positive,1
buzz,positive,1
bylaw,trust,1
cab,positive,1
cabinet,positive,1
cabinet,trust,1
cafe,positive,1
calculator,positive,1
calculator,trust,1
calf,joy,1
calf,positive,1
calf,trust,1
calls,trust,1
calm,positive,1
canary,positive,1
candid,joy,1
candid,positive,1
candid,trust,1
candidate,positive,1
candied,positive,1
canons,trust,1
cap,trust,1
capitalist,positive,1
captain,positive,1
captivate,joy,1
captivate,positive,1
captivate,trust,1
captivating,positive,1
career,positive,1
careful,positive,1
carefully,positive,1
caress,positive,1
caretaker,positive,1
caretaker,trust,1
carol,joy,1
carol,positive,1
carol,trust,1
cascade,positive,1
cash,joy,1
cash,positive,1
cash,trust,1
cashier,trust,1
categorical,positive,1
cater,positive,1
cathartic,positive,1
cathedral,joy,1
cathedral,positive,1
cathedral,trust,1
cautious,positive,1
cautious,trust,1
cautiously,positive,1
celebrated,joy,1
celebrated,positive,1
celebrating,joy,1
celebrating,positive,1
celebration,joy,1
celebration,positive,1
celebration,trust,1
celebrity,joy,1
celebrity,positive,1
celebrity,trust,1
celestial,joy,1
celestial,positive,1
cement,trust,1
censor,trust,1
center,positive,1
center,trust,1
centurion,positive,1
cerebral,positive,1
ceremony,joy,1
ceremony,positive,1
certainty,positive,1
certify,trust,1
chairman,positive,1
chairman,trust,1
chairwoman,positive,1
chairwoman,trust,1
champion,joy,1
champion,positive,1
champion,trust,1
chancellor,trust,1
chant,joy,1
chant,positive,1
chaplain,trust,1
charger,positive,1
charitable,joy,1
charitable,positive,1
charitable,trust,1
charity,joy,1
charity,positive,1
charm,positive,1
charmed,joy,1
charmed,positive,1
charming,positive,1
chart,trust,1
chastity,positive,1
chastity,trust,1
chattering,positive,1
checklist,positive,1
checklist,trust,1
cheer,joy,1
cheer,positive,1
cheer,trust,1
cheerful,joy,1
cheerful,positive,1
cheerfulness,joy,1
cheerfulness,positive,1
cheerfulness,trust,1
cheering,joy,1
cheering,positive,1
cheery,joy,1
cheery,positive,1
chemist,positive,1
chemist,trust,1
cherish,joy,1
cherish,positive,1
cherish,trust,1
cherry,positive,1
chicane,trust,1
chieftain,positive,1
child,joy,1
child,positive,1
childhood,joy,1
childhood,positive,1
chirp,joy,1
chirp,positive,1
chisel,positive,1
chivalry,positive,1
chocolate,joy,1
chocolate,positive,1
chocolate,trust,1
choice,positive,1
choir,joy,1
choir,positive,1
choir,trust,1
choral,joy,1
choral,positive,1
chorus,positive,1
chosen,positive,1
chowder,positive,1
chronicle,positive,1
chronicle,trust,1
chuckle,joy,1
chuckle,positive,1
chuckle,trust,1
church,joy,1
church,positive,1
church,trust,1
cider,positive,1
circumcision,positive,1
circumvention,positive,1
citizen,positive,1
civil,positive,1
civility,positive,1
civilization,positive,1
civilization,trust,1
civilized,joy,1
civilized,positive,1
civilized,trust,1
clairvoyant,positive,1
clan,trust,1
clap,joy,1
clap,positive,1
clap,trust,1
clarify,positive,1
classic,positive,1
classical,positive,1
classics,joy,1
classics,positive,1
classify,positive,1
clean,joy,1
clean,positive,1
clean,trust,1
cleaning,positive,1
cleanliness,positive,1
cleanly,positive,1
cleanse,positive,1
cleansing,positive,1
clearance,positive,1
clearance,trust,1
clearness,positive,1
clerical,positive,1
clerical,trust,1
clever,positive,1
cleverness,positive,1
climax,joy,1
climax,positive,1
climax,trust,1
closeness,joy,1
closeness,positive,1
closeness,trust,1
closure,joy,1
closure,positive,1
clothe,positive,1
clown,joy,1
clown,positive,1
coach,trust,1
coalesce,trust,1
coalition,positive,1
coast,positive,1
coax,trust,1
coexist,positive,1
coexist,trust,1
coexisting,trust,1
cogent,positive,1
cogent,trust,1
cognitive,positive,1
coherence,positive,1
coherent,positive,1
cohesion,trust,1
cohesive,positive,1
cohesive,trust,1
collaborator,trust,1
collateral,trust,1
collectively,positive,1
collectively,trust,1
colonel,positive,1
colonel,trust,1
colossal,positive,1
comfort,joy,1
comfort,positive,1
comfort,trust,1
commandant,positive,1
commandant,trust,1
commanding,positive,1
commanding,trust,1
commemorate,joy,1
commemorate,positive,1
commemoration,joy,1
commemoration,positive,1
commemorative,positive,1
commend,positive,1
commendable,joy,1
commendable,positive,1
commendable,trust,1
commentator,positive,1
commerce,trust,1
commission,trust,1
committed,positive,1
committed,trust,1
committee,trust,1
commodore,positive,1
commodore,trust,1
commonplace,trust,1
commonwealth,positive,1
commonwealth,trust,1
communicate,positive,1
communicate,trust,1
communication,trust,1
communicative,positive,1
communion,joy,1
communion,positive,1
communion,trust,1
community,positive,1
commutation,positive,1
commute,positive,1
compact,trust,1
companion,joy,1
companion,positive,1
companion,trust,1
compass,trust,1
compassion,positive,1
compassionate,positive,1
compatibility,positive,1
compatible,positive,1
compelling,positive,1
compensate,joy,1
compensate,positive,1
compensate,trust,1
compensatory,positive,1
competence,positive,1
competence,trust,1
competency,positive,1
competency,trust,1
competent,positive,1
competent,trust,1
complacency,positive,1
complement,joy,1
complement,positive,1
complement,trust,1
complementary,positive,1
completely,positive,1
completeness,positive,1
completing,joy,1
completing,positive,1
completion,joy,1
completion,positive,1
compliance,positive,1
compliance,trust,1
compliant,positive,1
complicity,positive,1
compliment,joy,1
compliment,positive,1
compliment,trust,1
composed,positive,1
composer,positive,1
composure,positive,1
comprehend,positive,1
comprehensive,positive,1
comptroller,trust,1
comrade,positive,1
comrade,trust,1
concentric,positive,1
conciliation,joy,1
conciliation,positive,1
conciliation,trust,1
concluding,positive,1
concord,positive,1
concord,trust,1
concordance,positive,1
concordance,trust,1
condolence,positive,1
condone,positive,1
conducive,positive,1
conductivity,positive,1
confederate,positive,1
confederate,trust,1
confess,positive,1
confess,trust,1
confessional,trust,1
confide,trust,1
confidence,joy,1
confidence,positive,1
confidence,trust,1
confident,joy,1
confident,positive,1
confident,trust,1
confidential,trust,1
confidentially,trust,1
confirmation,trust,1
confirmed,positive,1
confirmed,trust,1
conformance,positive,1
conformity,trust,1
congenial,positive,1
conglomerate,trust,1
congratulatory,joy,1
congratulatory,positive,1
congregation,positive,1
congregation,trust,1
congress,trust,1
congressman,trust,1
congruence,positive,1
congruence,trust,1
connective,trust,1
connoisseur,joy,1
connoisseur,positive,1
connoisseur,trust,1
conscience,positive,1
conscience,trust,1
conscientious,positive,1
conscientious,trust,1
consciousness,positive,1
consecration,joy,1
consecration,positive,1
consecration,trust,1
conservation,positive,1
conservation,trust,1
conserve,positive,1
considerable,positive,1
considerate,positive,1
considerate,trust,1
consistency,positive,1
consistency,trust,1
console,positive,1
consonant,positive,1
consort,trust,1
constable,trust,1
constancy,positive,1
constancy,trust,1
constant,positive,1
constant,trust,1
constantly,trust,1
constitute,trust,1
constitutional,positive,1
constitutional,trust,1
construct,positive,1
consul,trust,1
consult,trust,1
consummate,positive,1
contact,positive,1
contemplation,positive,1
content,joy,1
content,positive,1
content,trust,1
continue,positive,1
continue,trust,1
contour,positive,1
contribute,positive,1
contributor,positive,1
contributor,trust,1
convenience,positive,1
convenient,positive,1
convent,positive,1
convent,trust,1
convention,positive,1
conversant,positive,1
conversational,positive,1
convert,positive,1
conveyancing,trust,1
convince,positive,1
convince,trust,1
convinced,trust,1
convincing,trust,1
cool,positive,1
coolness,positive,1
cooperate,positive,1
cooperating,positive,1
cooperating,trust,1
cooperation,positive,1
cooperation,trust,1
cooperative,positive,1
cooperative,trust,1
cop,trust,1
core,positive,1
coronation,joy,1
coronation,positive,1
coronation,trust,1
corporation,positive,1
corporation,trust,1
corporeal,positive,1
corrective,positive,1
correctness,trust,1
correspondence,positive,1
corroborate,positive,1
corroborate,trust,1
corroboration,trust,1
cosmopolitan,positive,1
cosmopolitan,trust,1
cosy,positive,1
council,positive,1
council,trust,1
counsel,positive,1
counsel,trust,1
counsellor,trust,1
counselor,positive,1
counselor,trust,1
count,positive,1
count,trust,1
countess,positive,1
countryman,trust,1
county,trust,1
courage,positive,1
courageous,positive,1
courier,trust,1
courteous,positive,1
courtesy,positive,1
courtship,joy,1
courtship,positive,1
courtship,trust,1
cove,joy,1
cove,positive,1
covenant,positive,1
covenant,trust,1
cover,trust,1
cradle,joy,1
cradle,positive,1
cradle,trust,1
craft,positive,1
craftsman,positive,1
cream,joy,1
cream,positive,1
create,joy,1
create,positive,1
creative,positive,1
credence,positive,1
credence,trust,1
credential,positive,1
credential,trust,1
credibility,positive,1
credibility,trust,1
credible,positive,1
credible,trust,1
credit,positive,1
credit,trust,1
creditable,positive,1
creditable,trust,1
credited,positive,1
crescendo,joy,1
crescendo,positive,1
crescendo,trust,1
crew,trust,1
crisp,trust,1
critique,positive,1
crowning,joy,1
crowning,positive,1
crowning,trust,1
crucial,positive,1
crucial,trust,1
crystal,positive,1
cube,trust,1
cuddle,joy,1
cuddle,positive,1
cuddle,trust,1
culinary,positive,1
culinary,trust,1
culmination,positive,1
cultivate,positive,1
cultivate,trust,1
cultivated,positive,1
cultivation,positive,1
culture,positive,1
cunning,positive,1
curable,positive,1
curable,trust,1
curiosity,positive,1
curl,positive,1
cushion,positive,1
custodian,trust,1
custody,trust,1
customer,positive,1
cute,positive,1
cutters,positive,1
dame,positive,1
dame,trust,1
dance,joy,1
dance,positive,1
dance,trust,1
dare,trust,1
daring,positive,1
darling,joy,1
darling,positive,1
darling,trust,1
dashing,positive,1
daughter,joy,1
daughter,positive,1
dawn,joy,1
dawn,positive,1
dawn,trust,1
deacon,trust,1
deal,joy,1
deal,positive,1
deal,trust,1
dealings,trust,1
dear,positive,1
debate,positive,1
deceiving,trust,1
decency,positive,1
decent,positive,1
declaratory,positive,1
dedication,positive,1
deed,trust,1
defend,positive,1
defended,positive,1
defended,trust,1
defender,positive,1
defender,trust,1
defending,positive,1
defense,positive,1
deference,positive,1
deference,trust,1
definitive,positive,1
definitive,trust,1
degree,positive,1
delectable,positive,1
delegate,positive,1
delegate,trust,1
deliberate,positive,1
delicious,joy,1
delicious,positive,1
delight,joy,1
delight,positive,1
delighted,joy,1
delighted,positive,1
delightful,joy,1
delightful,positive,1
delightful,trust,1
deliverance,joy,1
deliverance,positive,1
deliverance,trust,1
delivery,positive,1
democracy,positive,1
demonstrable,positive,1
demonstrative,joy,1
demonstrative,positive,1
depend,trust,1
dependent,positive,1
dependent,trust,1
depository,trust,1
depth,positive,1
depth,trust,1
deputy,trust,1
dermatologist,trust,1
descriptive,positive,1
deserve,positive,1
deserve,trust,1
deserved,positive,1
designation,trust,1
designer,positive,1
desirable,positive,1
desiring,positive,1
desirous,positive,1
destination,joy,1
destination,positive,1
detect,positive,1
detection,positive,1
determinate,trust,1
determination,positive,1
determination,trust,1
determined,positive,1
devastating,trust,1
develop,positive,1
devotional,positive,1
devotional,trust,1
devout,joy,1
devout,positive,1
devout,trust,1
dexterity,positive,1
diagnosis,trust,1
diamond,joy,1
diamond,positive,1
diary,joy,1
diary,positive,1
diary,trust,1
dictionary,positive,1
dictionary,trust,1
dictum,trust,1
didactic,positive,1
dietary,positive,1
differential,trust,1
digit,trust,1
dignified,positive,1
dignity,positive,1
dignity,trust,1
diligence,positive,1
diligence,trust,1
dinner,positive,1
diplomacy,positive,1
diplomacy,trust,1
diplomatic,positive,1
diplomatic,trust,1
director,positive,1
director,trust,1
disciple,trust,1
disclaim,trust,1
disclosed,trust,1
discovery,positive,1
discreet,positive,1
discretion,positive,1
discretion,trust,1
discretionary,positive,1
discussion,positive,1
disinfection,positive,1
disposed,positive,1
disposed,trust,1
disseminate,positive,1
distillation,positive,1
distinction,positive,1
ditty,joy,1
ditty,positive,1
divan,trust,1
diverse,positive,1
diversified,positive,1
diversion,positive,1
divinity,positive,1
divorce,trust,1
doctor,positive,1
doctor,trust,1
doctrine,trust,1
doer,positive,1
dogged,positive,1
dogma,trust,1
doll,joy,1
dolphin,joy,1
dolphin,positive,1
dolphin,trust,1
dominate,positive,1
dominion,trust,1
don,positive,1
don,trust,1
donation,positive,1
doubt,trust,1
doubtless,positive,1
doubtless,trust,1
dove,joy,1
dove,positive,1
dove,trust,1
downright,trust,1
downy,positive,1
dubious,trust,1
duet,positive,1
duke,positive,1
durability,positive,1
durability,trust,1
durable,positive,1
durable,trust,1
dutiful,positive,1
dutiful,trust,1
eager,joy,1
eager,positive,1
eager,trust,1
eagerness,joy,1
eagerness,positive,1
eagerness,trust,1
eagle,trust,1
earl,positive,1
earn,positive,1
earnest,positive,1
earnestly,positive,1
earnestness,positive,1
ease,positive,1
easement,positive,1
easygoing,positive,1
eat,positive,1
economy,trust,1
ecstasy,joy,1
ecstasy,positive,1
ecstatic,joy,1
ecstatic,positive,1
edification,joy,1
edification,positive,1
edification,trust,1
educate,positive,1
educated,positive,1
educational,positive,1
educational,trust,1
effective,positive,1
effective,trust,1
efficacy,positive,1
efficiency,positive,1
efficient,positive,1
efficient,trust,1
effort,positive,1
ejaculation,joy,1
ejaculation,positive,1
ejaculation,trust,1
elaboration,positive,1
elated,joy,1
elated,positive,1
elder,positive,1
elder,trust,1
elders,positive,1
elders,trust,1
elect,positive,1
elect,trust,1
electorate,trust,1
electric,joy,1
electric,positive,1
electricity,positive,1
elegance,joy,1
elegance,positive,1
elegance,trust,1
elegant,joy,1
elegant,positive,1
elevation,joy,1
elevation,positive,1
elevation,trust,1
eligible,positive,1
elite,joy,1
elite,positive,1
elite,trust,1
eloquence,positive,1
eloquent,positive,1
elucidate,positive,1
elucidate,trust,1
emancipation,joy,1
emancipation,positive,1
embrace,joy,1
embrace,positive,1
embrace,trust,1
emeritus,positive,1
eminence,positive,1
eminence,trust,1
eminent,positive,1
eminently,positive,1
emir,positive,1
empathy,positive,1
emphasize,trust,1
employ,trust,1
empower,positive,1
emulate,positive,1
enable,positive,1
enable,trust,1
enablement,positive,1
enablement,trust,1
enchant,joy,1
enchant,positive,1
enchanted,joy,1
enchanted,positive,1
enchanted,trust,1
enchanting,joy,1
enchanting,positive,1
encore,positive,1
encourage,joy,1
encourage,positive,1
encourage,trust,1
encouragement,positive,1
encyclopedia,positive,1
encyclopedia,trust,1
endeavor,positive,1
endless,joy,1
endless,positive,1
endless,trust,1
endow,positive,1
endow,trust,1
endowed,positive,1
endowment,positive,1
endowment,trust,1
endurance,positive,1
endure,positive,1
energetic,positive,1
enforce,positive,1
engaged,joy,1
engaged,positive,1
engaged,trust,1
engaging,joy,1
engaging,positive,1
engaging,trust,1
enhance,positive,1
enjoy,joy,1
enjoy,positive,1
enjoy,trust,1
enjoying,joy,1
enjoying,positive,1
enjoying,trust,1
enlighten,joy,1
enlighten,positive,1
enlighten,trust,1
enlightenment,joy,1
enlightenment,positive,1
enlightenment,trust,1
enliven,joy,1
enliven,positive,1
enliven,trust,1
enrich,positive,1
enroll,trust,1
ensemble,positive,1
ensemble,trust,1
ensign,positive,1
enterprising,positive,1
entertain,joy,1
entertain,positive,1
entertained,joy,1
entertained,positive,1
entertaining,joy,1
entertaining,positive,1
entertainment,joy,1
entertainment,positive,1
entertainment,trust,1
enthusiasm,joy,1
enthusiasm,positive,1
enthusiast,joy,1
enthusiast,positive,1
entrust,trust,1
environ,positive,1
ephemeris,positive,1
epic,positive,1
episcopal,trust,1
epitome,positive,1
equality,joy,1
equality,positive,1
equality,trust,1
equally,positive,1
equilibrium,positive,1
equity,positive,1
erotic,joy,1
erotic,positive,1
erotic,trust,1
errand,positive,1
errand,trust,1
erudite,positive,1
escape,positive,1
escort,trust,1
esprit,positive,1
essential,positive,1
establish,trust,1
established,joy,1
established,positive,1
esteem,joy,1
esteem,positive,1
esteem,trust,1
esthetic,positive,1
ethical,positive,1
ethics,positive,1
evergreen,joy,1
evergreen,positive,1
evergreen,trust,1
everlasting,positive,1
evident,positive,1
evident,trust,1
evolution,positive,1
exalt,joy,1
exalt,positive,1
exalt,trust,1
exaltation,joy,1
exaltation,positive,1
exaltation,trust,1
exalted,joy,1
exalted,positive,1
exalted,trust,1
exceed,joy,1
exceed,positive,1
excel,joy,1
excel,positive,1
excel,trust,1
excellence,joy,1
excellence,positive,1
excellence,trust,1
excellent,joy,1
excellent,positive,1
excellent,trust,1
exchange,positive,1
exchange,trust,1
excitable,positive,1
excitation,joy,1
excitation,positive,1
excite,joy,1
excite,positive,1
excited,joy,1
excited,positive,1
excited,trust,1
excitement,joy,1
excitement,positive,1
exciting,joy,1
exciting,positive,1
execution,trust,1
executor,trust,1
exemplary,positive,1
exemption,positive,1
exhaustive,trust,1
exhilaration,joy,1
exhilaration,positive,1
exhort,positive,1
exhortation,positive,1
existence,positive,1
exotic,positive,1
expect,positive,1
expect,trust,1
expectation,positive,1
expedient,joy,1
expedient,positive,1
expedient,trust,1
expedition,positive,1
experienced,positive,1
experienced,trust,1
expert,positive,1
expert,trust,1
expertise,positive,1
expertise,trust,1
explain,positive,1
explain,trust,1
exquisite,joy,1
exquisite,positive,1
exquisitely,positive,1
extend,positive,1
extensive,positive,1
extra,positive,1
extraordinary,positive,1
extricate,positive,1
exuberance,joy,1
exuberance,positive,1
eyewitness,trust,1
fabrication,trust,1
facilitate,positive,1
fact,trust,1
facts,positive,1
facts,trust,1
faculty,positive,1
faculty,trust,1
fain,joy,1
fain,positive,1
fain,trust,1
fair,positive,1
fairly,positive,1
fairly,trust,1
faith,joy,1
faith,positive,1
faith,trust,1
faithful,positive,1
faithful,trust,1
falsehood,trust,1
fame,positive,1
familiar,positive,1
familiar,trust,1
familiarity,joy,1
familiarity,positive,1
familiarity,trust,1
famous,positive,1
famously,positive,1
fancy,joy,1
fancy,positive,1
fanfare,joy,1
fanfare,positive,1
fascinating,positive,1
fascination,positive,1
fashionable,positive,1
father,trust,1
faultless,positive,1
faultless,trust,1
favorable,joy,1
favorable,positive,1
favorable,trust,1
favorite,joy,1
favorite,positive,1
favorite,trust,1
favoritism,positive,1
fearless,positive,1
feat,joy,1
feat,positive,1
feature,positive,1
feeling,joy,1
feeling,positive,1
feeling,trust,1
felicity,joy,1
felicity,positive,1
fellow,positive,1
fellow,trust,1
fellowship,positive,1
fender,trust,1
fertile,positive,1
fervor,joy,1
fervor,positive,1
festival,joy,1
festival,positive,1
festive,joy,1
festive,positive,1
fete,joy,1
fete,positive,1
fidelity,joy,1
fidelity,positive,1
fidelity,trust,1
fiesta,joy,1
fiesta,positive,1
fiesta,trust,1
fill,trust,1
finally,joy,1
finally,positive,1
finally,trust,1
finery,positive,1
finesse,positive,1
fireball,positive,1
fireman,trust,1
fireproof,positive,1
firmness,positive,1
firmness,trust,1
firstborn,joy,1
firstborn,positive,1
firstborn,trust,1
fitting,joy,1
fitting,positive,1
fitting,trust,1
fixed,trust,1
fixture,positive,1
flagship,trust,1
flange,trust,1
flattering,joy,1
flattering,positive,1
fleet,positive,1
flexibility,positive,1
flirt,joy,1
flirt,positive,1
flirt,trust,1
floral,positive,1
flow,positive,1
flowery,positive,1
flush,positive,1
flying,positive,1
focus,positive,1
follower,trust,1
fondness,joy,1
fondness,positive,1
food,joy,1
food,positive,1
food,trust,1
football,joy,1
football,positive,1
footing,trust,1
forbearance,positive,1
fore,positive,1
forecast,trust,1
forefathers,joy,1
forefathers,positive,1
forefathers,trust,1
foregoing,positive,1
foreman,positive,1
forerunner,positive,1
foresee,positive,1
foresee,trust,1
foreseen,positive,1
foresight,positive,1
foresight,trust,1
forge,positive,1
forgive,positive,1
forgiven,positive,1
forgiving,positive,1
forgiving,trust,1
formality,trust,1
formative,positive,1
formative,trust,1
formula,positive,1
formula,trust,1
fort,trust,1
forte,positive,1
forthcoming,positive,1
fortify,positive,1
fortitude,joy,1
fortitude,positive,1
fortitude,trust,1
fortress,positive,1
fortress,trust,1
fortunate,positive,1
fortune,joy,1
fortune,positive,1
fortune,trust,1
forward,positive,1
found,joy,1
found,positive,1
found,trust,1
foundation,positive,1
fragrant,positive,1
framework,trust,1
frank,positive,1
frank,trust,1
frankness,positive,1
frankness,trust,1
fraternal,joy,1
fraternal,positive,1
fraternal,trust,1
freedom,joy,1
freedom,positive,1
freedom,trust,1
freely,joy,1
freely,positive,1
freely,trust,1
friend,joy,1
friend,positive,1
friend,trust,1
friendliness,joy,1
friendliness,positive,1
friendliness,trust,1
friendly,joy,1
friendly,positive,1
friendly,trust,1
friendship,joy,1
friendship,positive,1
friendship,trust,1
frisky,joy,1
frisky,positive,1
frolic,joy,1
frolic,positive,1
frugal,positive,1
fruitful,positive,1
fugitive,trust,1
fulfill,joy,1
fulfill,positive,1
fulfillment,joy,1
fulfillment,positive,1
fulfillment,trust,1
full,positive,1
fully,positive,1
fully,trust,1
fun,joy,1
fun,positive,1
fundamental,positive,1
fundamental,trust,1
fuse,positive,1
fuse,trust,1
fusion,positive,1
gage,trust,1
gain,joy,1
gain,positive,1
gaining,positive,1
gallant,positive,1
gallantry,positive,1
galore,positive,1
garden,joy,1
garden,positive,1
garnet,positive,1
garrison,positive,1
garrison,trust,1
gate,trust,1
gateway,trust,1
gauging,trust,1
gazette,positive,1
gazette,trust,1
gear,positive,1
gem,joy,1
gem,positive,1
general,positive,1
general,trust,1
generosity,joy,1
generosity,positive,1
generosity,trust,1
generous,joy,1
generous,positive,1
generous,trust,1
genial,joy,1
genial,positive,1
genius,positive,1
genteel,positive,1
gentleman,positive,1
gentleman,trust,1
gentleness,positive,1
gentry,positive,1
gentry,trust,1
genuine,positive,1
genuine,trust,1
geranium,positive,1
gift,joy,1
gift,positive,1
gifted,positive,1
gigantic,positive,1
giggle,joy,1
giggle,positive,1
girder,positive,1
girder,trust,1
giving,positive,1
glad,joy,1
glad,positive,1
gladness,joy,1
gladness,positive,1
glee,joy,1
glee,positive,1
glide,joy,1
glide,positive,1
glimmer,joy,1
glimmer,positive,1
glitter,joy,1
glittering,positive,1
glorification,joy,1
glorification,positive,1
glorify,joy,1
glorify,positive,1
glorify,trust,1
glory,joy,1
glory,positive,1
glory,trust,1
gloss,positive,1
glow,joy,1
glow,positive,1
glow,trust,1
glowing,positive,1
god,joy,1
god,positive,1
god,trust,1
godly,joy,1
godly,positive,1
godly,trust,1
godsend,joy,1
godsend,positive,1
gold,positive,1
good,joy,1
good,positive,1
good,trust,1
goodly,positive,1
goodness,joy,1
goodness,positive,1
goodness,trust,1
goods,positive,1
goodwill,positive,1
gorgeous,joy,1
gorgeous,positive,1
gospel,positive,1
gospel,trust,1
govern,positive,1
govern,trust,1
governess,trust,1
governor,trust,1
grace,positive,1
graceful,positive,1
gracious,positive,1
graciously,positive,1
graduation,joy,1
graduation,positive,1
graduation,trust,1
grammar,trust,1
grandchildren,joy,1
grandchildren,positive,1
grandchildren,trust,1
grandeur,positive,1
grandfather,trust,1
grandmother,positive,1
grant,joy,1
grant,positive,1
grant,trust,1
granted,positive,1
grateful,positive,1
gratify,joy,1
gratify,positive,1
gratitude,joy,1
gratitude,positive,1
greater,positive,1
greatness,joy,1
greatness,positive,1
greatness,trust,1
green,joy,1
green,positive,1
green,trust,1
greeting,positive,1
gregarious,positive,1
grin,joy,1
grin,positive,1
grin,trust,1
grist,positive,1
grit,positive,1
grit,trust,1
ground,trust,1
groundwork,positive,1
grow,joy,1
grow,positive,1
grow,trust,1
growth,positive,1
guarantee,positive,1
guarantee,trust,1
guard,positive,1
guard,trust,1
guarded,trust,1
guardian,positive,1
guardian,trust,1
guardianship,positive,1
guardianship,trust,1
gubernatorial,positive,1
gubernatorial,trust,1
guidance,positive,1
guidance,trust,1
guide,positive,1
guide,trust,1
guidebook,positive,1
guidebook,trust,1
gullible,trust,1
guru,positive,1
guru,trust,1
gush,joy,1
gusset,trust,1
guts,positive,1
gymnast,positive,1
habitat,positive,1
hail,positive,1
hail,trust,1
hale,positive,1
handbook,trust,1
handy,positive,1
happily,joy,1
happily,positive,1
happiness,joy,1
happiness,positive,1
happy,joy,1
happy,positive,1
happy,trust,1
harbor,trust,1
hardy,joy,1
hardy,positive,1
hardy,trust,1
harmoniously,joy,1
harmoniously,positive,1
harmoniously,trust,1
harmony,joy,1
harmony,positive,1
harmony,trust,1
harvest,joy,1
harvest,positive,1
haven,positive,1
haven,trust,1
headway,positive,1
heal,joy,1
heal,positive,1
heal,trust,1
healing,joy,1
healing,positive,1
healing,trust,1
healthful,joy,1
healthful,positive,1
healthy,positive,1
heartfelt,joy,1
heartfelt,positive,1
heartfelt,trust,1
hearth,positive,1
heartily,joy,1
heartily,positive,1
heavenly,joy,1
heavenly,positive,1
heavenly,trust,1
heavens,joy,1
heavens,positive,1
heavens,trust,1
hedonism,joy,1
hedonism,positive,1
heft,positive,1
helmet,positive,1
helper,positive,1
helper,trust,1
helpful,joy,1
helpful,positive,1
helpful,trust,1
herbal,positive,1
heritage,trust,1
hermit,trust,1
hero,joy,1
hero,positive,1
hero,trust,1
heroic,joy,1
heroic,positive,1
heroic,trust,1
heroics,positive,1
heroine,positive,1
heroine,trust,1
heroism,joy,1
heroism,positive,1
heroism,trust,1
heyday,joy,1
heyday,positive,1
heyday,trust,1
highest,joy,1
highest,positive,1
hilarious,joy,1
hilarious,positive,1
hilarity,joy,1
hilarity,positive,1
hire,joy,1
hire,positive,1
hire,trust,1
hobby,joy,1
hobby,positive,1
holiday,joy,1
holiday,positive,1
holiness,joy,1
holiness,positive,1
holiness,trust,1
holy,positive,1
homage,positive,1
homology,positive,1
honest,joy,1
honest,positive,1
honest,trust,1
honesty,positive,1
honesty,trust,1
honey,positive,1
honeymoon,joy,1
honeymoon,positive,1
honeymoon,trust,1
honor,positive,1
honor,trust,1
honorable,positive,1
honorable,trust,1
hope,joy,1
hope,positive,1
hope,trust,1
hopeful,joy,1
hopeful,positive,1
hopeful,trust,1
horizon,positive,1
horse,trust,1
hospital,trust,1
hospitality,positive,1
household,positive,1
housekeeping,positive,1
hug,joy,1
hug,positive,1
hug,trust,1
humane,positive,1
humanitarian,joy,1
humanitarian,positive,1
humanitarian,trust,1
humanity,joy,1
humanity,positive,1
humanity,trust,1
humble,positive,1
humbled,positive,1
humbly,positive,1
humility,positive,1
humility,trust,1
humorist,positive,1
humorous,joy,1
humorous,positive,1
hurrah,joy,1
hurrah,positive,1
husbandry,positive,1
husbandry,trust,1
hush,positive,1
hut,positive,1
hygienic,positive,1
hymn,joy,1
hymn,positive,1
hymn,trust,1
idealism,positive,1
idol,positive,1
illuminate,joy,1
illuminate,positive,1
illumination,joy,1
illumination,positive,1
illumination,trust,1
illustrate,positive,1
illustrious,positive,1
imaginative,positive,1
immaculate,joy,1
immaculate,positive,1
immaculate,trust,1
immediately,positive,1
immense,positive,1
immerse,joy,1
immerse,positive,1
immerse,trust,1
immortal,positive,1
immovable,positive,1
immovable,trust,1
immunization,trust,1
impart,positive,1
impart,trust,1
impartial,positive,1
impartial,trust,1
impartiality,positive,1
impartiality,trust,1
impeccable,positive,1
impeccable,trust,1
impenetrable,trust,1
impervious,positive,1
importance,positive,1
important,positive,1
important,trust,1
impress,positive,1
impression,positive,1
impressionable,trust,1
improve,joy,1
improve,positive,1
improve,trust,1
improved,positive,1
improvement,joy,1
improvement,positive,1
improvement,trust,1
improving,positive,1
improvise,positive,1
inalienable,positive,1
inauguration,joy,1
inauguration,positive,1
inauguration,trust,1
incisive,positive,1
incline,trust,1
include,positive,1
included,positive,1
including,positive,1
inclusion,trust,1
inclusive,positive,1
income,joy,1
income,positive,1
income,trust,1
increase,positive,1
indelible,positive,1
indelible,trust,1
indemnity,positive,1
indemnity,trust,1
indent,trust,1
independence,joy,1
independence,positive,1
independence,trust,1
indestructible,positive,1
indestructible,trust,1
individuality,positive,1
indivisible,trust,1
indomitable,positive,1
ineffable,positive,1
inexpensive,positive,1
infallibility,trust,1
infallible,positive,1
infant,joy,1
infant,positive,1
infiltration,positive,1
infinite,positive,1
infinity,joy,1
infinity,positive,1
infinity,trust,1
influence,positive,1
influential,positive,1
influential,trust,1
inform,trust,1
information,positive,1
ingenious,positive,1
inheritance,joy,1
inheritance,positive,1
inheritance,trust,1
inimitable,positive,1
inimitable,trust,1
innocence,positive,1
innocent,positive,1
innocent,trust,1
innocently,positive,1
innocuous,positive,1
innovate,positive,1
innovation,positive,1
inoculation,trust,1
inquirer,positive,1
inquiry,positive,1
inquisitive,positive,1
inseparable,joy,1
inseparable,positive,1
inseparable,trust,1
insignia,positive,1
insolvent,trust,1
inspector,positive,1
inspiration,joy,1
inspiration,positive,1
inspire,joy,1
inspire,positive,1
inspire,trust,1
inspired,joy,1
inspired,positive,1
inspired,trust,1
instinctive,positive,1
institute,trust,1
instruct,positive,1
instruct,trust,1
instruction,positive,1
instruction,trust,1
instructions,trust,1
instructor,positive,1
instructor,trust,1
instrumental,positive,1
insulation,trust,1
insure,positive,1
insure,trust,1
intact,positive,1
intact,trust,1
integrity,positive,1
integrity,trust,1
intellect,positive,1
intellectual,positive,1
intelligence,joy,1
intelligence,positive,1
intelligence,trust,1
intelligent,positive,1
intelligent,trust,1
intend,trust,1
intended,positive,1
intense,joy,1
intense,positive,1
intense,trust,1
intercession,trust,1
intercourse,positive,1
interest,positive,1
interested,positive,1
interesting,positive,1
interior,positive,1
interior,trust,1
interlocutory,positive,1
interlude,positive,1
interminable,positive,1
intervention,positive,1
intimate,joy,1
intimate,positive,1
intimate,trust,1
intimately,joy,1
intonation,positive,1
intrepid,positive,1
intuition,positive,1
intuition,trust,1
intuitive,positive,1
invariably,positive,1
inventive,positive,1
inventor,positive,1
investigate,positive,1
invigorate,positive,1
invitation,positive,1
invite,joy,1
invite,positive,1
invite,trust,1
inviting,joy,1
inviting,positive,1
inviting,trust,1
invocation,trust,1
iron,positive,1
iron,trust,1
irreducible,positive,1
irrefutable,positive,1
irrefutable,trust,1
jackpot,joy,1
jackpot,positive,1
jam,positive,1
jest,joy,1
jest,positive,1
job,positive,1
join,positive,1
joined,positive,1
joker,joy,1
joker,positive,1
joking,positive,1
journalism,trust,1
journalist,positive,1
journey,joy,1
journey,positive,1
journeyman,trust,1
jovial,joy,1
jovial,positive,1
joy,joy,1
joy,positive,1
joyful,joy,1
joyful,positive,1
joyful,trust,1
joyous,joy,1
joyous,positive,1
jubilant,joy,1
jubilant,positive,1
jubilant,trust,1
jubilee,joy,1
jubilee,positive,1
judicial,positive,1
judicial,trust,1
judiciary,trust,1
judicious,positive,1
judicious,trust,1
jump,joy,1
jump,positive,1
jurist,trust,1
jury,trust,1
justice,positive,1
justice,trust,1
justifiable,positive,1
justifiable,trust,1
justification,positive,1
keepsake,positive,1
ken,positive,1
keynote,positive,1
keystone,positive,1
khan,trust,1
kind,joy,1
kind,positive,1
kind,trust,1
kindness,positive,1
kindred,joy,1
kindred,positive,1
kindred,trust,1
king,positive,1
kiss,joy,1
kiss,positive,1
kitten,joy,1
kitten,positive,1
kitten,trust,1
knack,positive,1
knickers,trust,1
knight,positive,1
knowing,positive,1
knowledge,positive,1
kudos,joy,1
kudos,positive,1
label,trust,1
labor,joy,1
labor,positive,1
labor,trust,1
lace,positive,1
lace,trust,1
lamb,joy,1
lamb,positive,1
lamb,trust,1
land,positive,1
landed,positive,1
landmark,trust,1
larger,trust,1
laser,positive,1
laser,trust,1
laudable,positive,1
laugh,joy,1
laugh,positive,1
laughing,joy,1
laughing,positive,1
laughter,joy,1
laughter,positive,1
launch,positive,1
laureate,positive,1
laureate,trust,1
laurel,positive,1
laurels,joy,1
laurels,positive,1
lavish,positive,1
law,trust,1
lawful,positive,1
lawful,trust,1
lead,positive,1
leader,positive,1
leader,trust,1
leading,trust,1
league,positive,1
leaning,trust,1
learn,positive,1
learning,positive,1
lecturer,positive,1
leeway,positive,1
legal,positive,1
legal,trust,1
legalized,joy,1
legalized,positive,1
legalized,trust,1
legendary,positive,1
legibility,positive,1
legible,positive,1
legislator,trust,1
legislature,trust,1
legitimacy,trust,1
leisure,joy,1
leisure,positive,1
leisure,trust,1
leisurely,positive,1
lemma,positive,1
lender,trust,1
lenient,positive,1
lesson,positive,1
lesson,trust,1
lettered,positive,1
lettered,trust,1
levee,trust,1
level,positive,1
level,trust,1
leverage,positive,1
libel,trust,1
liberal,positive,1
liberate,joy,1
liberate,positive,1
liberate,trust,1
liberation,joy,1
liberation,positive,1
liberty,joy,1
liberty,positive,1
liberty,trust,1
library,positive,1
lieutenant,trust,1
lifeblood,positive,1
lighthouse,positive,1
liking,joy,1
liking,positive,1
liking,trust,1
linguist,positive,1
linguist,trust,1
lion,positive,1
liquor,joy,1
lithe,positive,1
lodging,trust,1
logical,positive,1
longevity,positive,1
lord,positive,1
lord,trust,1
lordship,positive,1
lovable,joy,1
lovable,positive,1
lovable,trust,1
love,joy,1
love,positive,1
lovely,joy,1
lovely,positive,1
lovely,trust,1
lovemaking,joy,1
lovemaking,positive,1
lovemaking,trust,1
lover,joy,1
lover,positive,1
lover,trust,1
loving,joy,1
loving,positive,1
loving,trust,1
loyal,joy,1
loyal,positive,1
loyal,trust,1
loyalty,positive,1
loyalty,trust,1
luck,joy,1
luck,positive,1
lucky,joy,1
lucky,positive,1
luscious,joy,1
luscious,positive,1
luster,joy,1
luster,positive,1
lustrous,positive,1
luxuriant,positive,1
luxurious,joy,1
luxurious,positive,1
luxury,joy,1
luxury,positive,1
lyre,joy,1
lyre,positive,1
lyrical,joy,1
lyrical,positive,1
machine,trust,1
magical,joy,1
magical,positive,1
magnet,positive,1
magnet,trust,1
magnetism,positive,1
magnetite,positive,1
magnificence,joy,1
magnificence,positive,1
magnificence,trust,1
magnificent,joy,1
magnificent,positive,1
magnificent,trust,1
maiden,positive,1
main,positive,1
mainstay,positive,1
mainstay,trust,1
maintenance,trust,1
majestic,joy,1
majestic,positive,1
majestic,trust,1
majesty,positive,1
majesty,trust,1
major,positive,1
majority,joy,1
majority,positive,1
majority,trust,1
mamma,trust,1
manage,positive,1
manage,trust,1
management,positive,1
management,trust,1
mandarin,positive,1
mandarin,trust,1
manhood,positive,1
manifested,positive,1
manly,positive,1
manna,positive,1
mannered,positive,1
manners,positive,1
manual,trust,1
manufacturer,positive,1
march,positive,1
marine,trust,1
marked,positive,1
marketable,positive,1
marquis,positive,1
marriage,joy,1
marriage,positive,1
marriage,trust,1
marrow,joy,1
marrow,positive,1
marrow,trust,1
marry,joy,1
marry,positive,1
marry,trust,1
marshal,positive,1
marshal,trust,1
marvel,positive,1
marvelous,joy,1
marvelous,positive,1
marvelously,joy,1
marvelously,positive,1
masculine,positive,1
massage,joy,1
massage,positive,1
master,positive,1
masterpiece,joy,1
masterpiece,positive,1
mastery,joy,1
mastery,positive,1
mastery,trust,1
mate,positive,1
mate,trust,1
maternal,positive,1
mathematical,trust,1
matrimony,joy,1
matrimony,positive,1
matrimony,trust,1
matron,positive,1
matron,trust,1
maxim,trust,1
maximum,positive,1
mayor,positive,1
meadow,positive,1
measure,trust,1
measured,positive,1
measured,trust,1
medal,joy,1
medal,positive,1
medal,trust,1
mediate,positive,1
mediate,trust,1
mediation,positive,1
mediator,positive,1
mediator,trust,1
medical,positive,1
medical,trust,1
meditate,joy,1
meditate,positive,1
meditate,trust,1
mediterranean,positive,1
medley,positive,1
memento,positive,1
memorable,joy,1
memorable,positive,1
memorable,trust,1
mending,positive,1
menses,positive,1
mentor,positive,1
mentor,trust,1
merchant,trust,1
merciful,positive,1
mercy,positive,1
merge,positive,1
merit,positive,1
merit,trust,1
meritorious,joy,1
meritorious,positive,1
meritorious,trust,1
merriment,joy,1
merriment,positive,1
merry,joy,1
merry,positive,1
messenger,trust,1
metropolitan,positive,1
mettle,positive,1
microscope,trust,1
microscopy,positive,1
midwife,joy,1
midwife,positive,1
midwife,trust,1
midwifery,positive,1
mighty,joy,1
mighty,positive,1
mighty,trust,1
mime,positive,1
mindful,positive,1
mindfulness,positive,1
ministry,joy,1
ministry,positive,1
ministry,trust,1
miracle,joy,1
miracle,positive,1
miracle,trust,1
miraculous,joy,1
miraculous,positive,1
mirth,joy,1
mirth,positive,1
mislead,trust,1
missionary,positive,1
moat,trust,1
model,positive,1
moderate,positive,1
moderator,positive,1
moderator,trust,1
modest,positive,1
modest,trust,1
modesty,positive,1
momentum,positive,1
monetary,positive,1
money,joy,1
money,positive,1
money,trust,1
monk,positive,1
monk,trust,1
monogamy,trust,1
monument,positive,1
moorings,trust,1
moral,positive,1
moral,trust,1
morality,positive,1
morality,trust,1
morals,joy,1
morals,positive,1
morals,trust,1
mortar,positive,1
mortgagee,trust,1
mother,joy,1
mother,positive,1
mother,trust,1
motherhood,joy,1
motherhood,positive,1
motherhood,trust,1
motive,positive,1
movable,positive,1
mover,positive,1
mug,positive,1
mule,trust,1
muscular,positive,1
music,joy,1
music,positive,1
musical,joy,1
musical,positive,1
musical,trust,1
mutable,positive,1
mutual,positive,1
nap,joy,1
nap,positive,1
nation,trust,1
naturalist,positive,1
navigable,positive,1
navigator,trust,1
neatly,positive,1
nectar,positive,1
needle,positive,1
negotiate,positive,1
negotiate,trust,1
negotiator,positive,1
neighbor,positive,1
neighbor,trust,1
nerve,positive,1
nest,trust,1
nestle,positive,1
nestle,trust,1
neutral,trust,1
neutrality,trust,1
nobility,positive,1
nobility,trust,1
noble,positive,1
noble,trust,1
nobleman,positive,1
nobleman,trust,1
nomination,positive,1
normality,positive,1
notable,joy,1
notable,positive,1
notable,trust,1
notables,positive,1
notary,trust,1
noted,positive,1
notion,positive,1
notoriety,positive,1
nourishment,positive,1
numbers,positive,1
nun,trust,1
nurse,positive,1
nurse,trust,1
nursery,joy,1
nursery,positive,1
nursery,trust,1
nurture,joy,1
nurture,positive,1
nurture,trust,1
nutritious,positive,1
oak,positive,1
oasis,joy,1
oasis,positive,1
oasis,trust,1
oath,positive,1
oath,trust,1
obedience,positive,1
obedience,trust,1
obey,trust,1
objective,positive,1
objective,trust,1
oblige,trust,1
obliging,joy,1
obliging,positive,1
obliging,trust,1
observant,positive,1
obstetrician,trust,1
obtainable,joy,1
obtainable,positive,1
obvious,positive,1
obvious,trust,1
occupant,positive,1
occupant,trust,1
occupation,positive,1
occupy,positive,1
offer,positive,1
offering,trust,1
officer,positive,1
officer,trust,1
official,trust,1
offset,positive,1
offshoot,positive,1
omnipotence,positive,1
omniscient,positive,1
omniscient,trust,1
openness,positive,1
opera,joy,1
opera,positive,1
opera,trust,1
operation,trust,1
opportune,joy,1
opportune,positive,1
opportunity,positive,1
optimism,joy,1
optimism,positive,1
optimism,trust,1
optimist,positive,1
optimist,trust,1
option,positive,1
optional,positive,1
oracle,positive,1
oracle,trust,1
oration,positive,1
orchestra,joy,1
orchestra,positive,1
orchestra,trust,1
ordained,positive,1
ordained,trust,1
orderly,positive,1
ordinance,trust,1
ordination,joy,1
ordination,positive,1
ordination,trust,1
organ,joy,1
organic,positive,1
organization,joy,1
organization,positive,1
organization,trust,1
organize,positive,1
organized,positive,1
orgasm,joy,1
orgasm,positive,1
originality,positive,1
ornamented,positive,1
ornate,positive,1
orthodoxy,trust,1
outburst,joy,1
outburst,positive,1
outcome,positive,1
outdo,positive,1
outstanding,joy,1
outstanding,positive,1
outward,positive,1
overjoyed,joy,1
overjoyed,positive,1
overwhelming,positive,1
owing,trust,1
ownership,positive,1
pacific,positive,1
pact,trust,1
pad,positive,1
padding,positive,1
paddle,positive,1
palatable,positive,1
palliative,positive,1
panacea,positive,1
panache,positive,1
panier,positive,1
paprika,positive,1
parade,joy,1
parade,positive,1
paragon,joy,1
paragon,positive,1
paragon,trust,1
paramount,positive,1
paraphrase,positive,1
pardon,positive,1
parentage,positive,1
parietal,positive,1
parietal,trust,1
parish,trust,1
parliament,trust,1
partake,positive,1
partake,trust,1
participation,positive,1
partner,positive,1
partnership,positive,1
partnership,trust,1
passion,joy,1
passion,positive,1
passion,trust,1
passionate,joy,1
passionate,positive,1
passionate,trust,1
pastime,positive,1
pastor,joy,1
pastor,positive,1
pastor,trust,1
pastry,joy,1
pastry,positive,1
pasture,positive,1
patent,positive,1
patience,positive,1
patience,trust,1
patient,positive,1
patriarchal,positive,1
patriarchal,trust,1
patrol,trust,1
patron,positive,1
patron,trust,1
patronage,positive,1
patronage,trust,1
pavement,trust,1
pawn,trust,1
pay,joy,1
pay,positive,1
pay,trust,1
peace,joy,1
peace,positive,1
peace,trust,1
peaceable,positive,1
peaceful,joy,1
peaceful,positive,1
peaceful,trust,1
peacock,positive,1
peck,positive,1
peculiarity,positive,1
pedigree,positive,1
pedigree,trust,1
peerless,positive,1
penchant,positive,1
perceive,positive,1
perceive,trust,1
perceptible,positive,1
perennial,positive,1
perennial,trust,1
perfect,joy,1
perfect,positive,1
perfect,trust,1
perfection,joy,1
perfection,positive,1
perfection,trust,1
performer,positive,1
periodicity,trust,1
perk,positive,1
permission,positive,1
perpetuity,positive,1
perpetuity,trust,1
persistence,positive,1
persistent,positive,1
personable,positive,1
personal,trust,1
persuade,trust,1
pertinent,positive,1
pertinent,trust,1
petroleum,positive,1
phalanx,trust,1
pharmaceutical,positive,1
philanthropic,trust,1
philanthropist,positive,1
philanthropist,trust,1
philanthropy,positive,1
philosopher,positive,1
philosopher,trust,1
phoenix,positive,1
phonetic,positive,1
physician,positive,1
physician,trust,1
physicist,trust,1
physics,positive,1
physiology,positive,1
physique,positive,1
pick,positive,1
picnic,joy,1
picnic,positive,1
picnic,trust,1
picturesque,joy,1
picturesque,positive,1
piety,positive,1
pill,positive,1
pill,trust,1
pillow,positive,1
pilot,positive,1
pilot,trust,1
pinnacle,positive,1
pioneer,positive,1
pious,positive,1
pious,trust,1
pith,positive,1
pith,trust,1
pivot,positive,1
pivot,trust,1
placid,positive,1
planning,positive,1
planning,trust,1
playful,joy,1
playful,positive,1
playful,trust,1
playground,joy,1
playground,positive,1
playground,trust,1
playhouse,joy,1
playhouse,positive,1
pleasant,joy,1
pleasant,positive,1
pleasant,trust,1
pleased,joy,1
pleased,positive,1
pleasurable,joy,1
pleasurable,positive,1
pledge,joy,1
pledge,positive,1
pledge,trust,1
plenary,positive,1
plentiful,positive,1
plexus,positive,1
plum,positive,1
plumb,positive,1
plush,positive,1
ply,positive,1
pointedly,positive,1
police,positive,1
police,trust,1
policeman,positive,1
policeman,trust,1
policy,trust,1
polish,positive,1
polished,positive,1
polite,positive,1
politeness,positive,1
politic,positive,1
poll,trust,1
pontiff,trust,1
pool,positive,1
pope,positive,1
popularity,positive,1
popularized,positive,1
population,positive,1
portable,positive,1
possess,joy,1
possess,positive,1
possess,trust,1
potable,positive,1
potency,positive,1
powerful,joy,1
powerful,positive,1
powerful,trust,1
powerfully,positive,1
practice,positive,1
practiced,joy,1
practiced,positive,1
practiced,trust,1
practise,positive,1
praise,joy,1
praise,positive,1
praise,trust,1
praised,joy,1
praised,positive,1
praiseworthy,joy,1
praiseworthy,positive,1
praiseworthy,trust,1
pray,joy,1
pray,positive,1
pray,trust,1
precaution,positive,1
precede,positive,1
precedence,positive,1
precedence,trust,1
precious,joy,1
precious,positive,1
precise,positive,1
precision,positive,1
predilection,positive,1
predominant,positive,1
predominant,trust,1
preeminent,positive,1
prefer,positive,1
prefer,trust,1
premier,positive,1
premises,positive,1
prepare,positive,1
prepared,positive,1
prepared,trust,1
preponderance,trust,1
prescient,positive,1
presence,positive,1
present,joy,1
present,positive,1
present,trust,1
presentable,positive,1
presentment,positive,1
preservative,joy,1
preservative,positive,1
preservative,trust,1
preserve,positive,1
president,positive,1
president,trust,1
prestige,joy,1
prestige,positive,1
prestige,trust,1
presto,joy,1
presto,positive,1
presumption,trust,1
pretty,joy,1
pretty,positive,1
pretty,trust,1
prevail,joy,1
prevail,positive,1
prevalent,trust,1
prevention,positive,1
priceless,positive,1
pride,joy,1
pride,positive,1
priest,positive,1
priest,trust,1
priesthood,joy,1
priesthood,positive,1
priesthood,trust,1
priestly,positive,1
primacy,positive,1
primary,positive,1
prime,positive,1
primer,positive,1
primer,trust,1
prince,positive,1
princely,joy,1
princely,positive,1
princely,trust,1
princess,positive,1
principal,positive,1
principal,trust,1
pristine,positive,1
privileged,joy,1
privileged,positive,1
privileged,trust,1
privy,trust,1
probity,positive,1
probity,trust,1
procedure,positive,1
procession,joy,1
procession,positive,1
proctor,positive,1
proctor,trust,1
procure,positive,1
prodigal,positive,1
prodigious,positive,1
prodigy,positive,1
producer,positive,1
producing,positive,1
production,positive,1
productive,positive,1
productivity,positive,1
profession,positive,1
professional,positive,1
professional,trust,1
professor,positive,1
professor,trust,1
professorship,trust,1
proficiency,joy,1
proficiency,positive,1
proficiency,trust,1
proficient,positive,1
proficient,trust,1
profuse,positive,1
progress,joy,1
progress,positive,1
progression,joy,1
progression,positive,1
progression,trust,1
progressive,positive,1
prolific,positive,1
prominence,positive,1
prominently,positive,1
promise,joy,1
promise,positive,1
promise,trust,1
promising,positive,1
promotion,positive,1
proof,trust,1
prop,positive,1
proper,positive,1
prophet,positive,1
prophet,trust,1
prophylactic,positive,1
prophylactic,trust,1
proposition,positive,1
prospect,positive,1
prosper,joy,1
prosper,positive,1
prosperity,positive,1
prosperous,joy,1
prosperous,positive,1
protect,positive,1
protected,trust,1
protecting,positive,1
protecting,trust,1
protective,positive,1
protector,positive,1
protector,trust,1
proud,joy,1
proud,positive,1
proud,trust,1
prove,positive,1
proven,trust,1
proverbial,positive,1
provide,positive,1
provide,trust,1
providing,joy,1
providing,positive,1
providing,trust,1
proviso,trust,1
proxy,trust,1
prudence,positive,1
prudent,positive,1
prudent,trust,1
pry,trust,1
psalm,positive,1
public,positive,1
pull,positive,1
pulpit,positive,1
punctual,positive,1
punctual,trust,1
punctuality,positive,1
puppy,positive,1
puppy,trust,1
purely,positive,1
purely,trust,1
purification,positive,1
purification,trust,1
purify,joy,1
purify,positive,1
purify,trust,1
purist,positive,1
purity,positive,1
purr,joy,1
purr,positive,1
purr,trust,1
putative,trust,1
quaint,joy,1
quaint,positive,1
quaint,trust,1
qualified,positive,1
qualified,trust,1
qualifying,positive,1
quest,positive,1
question,positive,1
quickness,positive,1
quiescent,positive,1
quiet,positive,1
quinine,positive,1
quote,positive,1
radar,trust,1
radiance,joy,1
radiance,positive,1
radiance,trust,1
radiant,joy,1
radiant,positive,1
radiate,positive,1
radio,positive,1
ranger,trust,1
rapt,joy,1
rapt,positive,1
rapt,trust,1
rapture,joy,1
rapture,positive,1
ratify,trust,1
rational,positive,1
rational,trust,1
rave,joy,1
rave,positive,1
rave,trust,1
raving,joy,1
reader,positive,1
readily,positive,1
readiness,joy,1
readiness,positive,1
readiness,trust,1
reading,positive,1
reaffirm,positive,1
real,positive,1
real,trust,1
reason,positive,1
reassurance,positive,1
reassurance,trust,1
reassure,positive,1
reassure,trust,1
rebate,positive,1
recast,positive,1
received,positive,1
receiving,joy,1
receiving,positive,1
recherche,positive,1
reciprocate,positive,1
reclamation,positive,1
recline,positive,1
recline,trust,1
recognizable,positive,1
recommend,positive,1
recommend,trust,1
reconciliation,joy,1
reconciliation,positive,1
reconciliation,trust,1
reconsideration,positive,1
reconsideration,trust,1
reconstruct,positive,1
reconstruction,positive,1
recorder,positive,1
recoup,positive,1
recovery,positive,1
recreation,joy,1
recreation,positive,1
recreational,joy,1
recreational,positive,1
recruits,trust,1
rectify,positive,1
redemption,positive,1
redress,positive,1
referee,trust,1
refine,positive,1
refinement,positive,1
reform,positive,1
reformation,positive,1
reformer,positive,1
refreshing,positive,1
refurbish,positive,1
regal,positive,1
regal,trust,1
regent,positive,1
regent,trust,1
registry,trust,1
regressive,positive,1
regularity,positive,1
regularity,trust,1
regulate,positive,1
rehabilitate,positive,1
rehabilitation,positive,1
reimburse,positive,1
reimbursement,positive,1
reimbursement,trust,1
reinforcement,positive,1
reinforcement,trust,1
reinforcements,trust,1
reinstate,positive,1
rejoice,joy,1
rejoice,positive,1
rejoice,trust,1
rejoicing,joy,1
rejoicing,positive,1
rejuvenate,positive,1
rejuvenated,positive,1
rekindle,joy,1
rekindle,positive,1
related,trust,1
relative,trust,1
relaxation,positive,1
relevant,positive,1
relevant,trust,1
reliability,positive,1
reliability,trust,1
reliable,positive,1
reliable,trust,1
reliance,positive,1
reliance,trust,1
relief,positive,1
relieving,positive,1
religion,trust,1
remains,positive,1
remains,trust,1
remake,positive,1
remarkable,joy,1
remarkable,positive,1
remarkable,trust,1
remarkably,positive,1
remedy,joy,1
remedy,positive,1
remedy,trust,1
remission,positive,1
remodel,positive,1
renaissance,positive,1
render,positive,1
renewal,positive,1
renovate,positive,1
renovation,joy,1
renovation,positive,1
renown,positive,1
renowned,positive,1
reorganize,positive,1
reparation,positive,1
reparation,trust,1
repay,joy,1
repay,positive,1
repay,trust,1
repent,positive,1
replenish,positive,1
replete,positive,1
reporter,positive,1
reporter,trust,1
repose,positive,1
represented,positive,1
reproductive,joy,1
reproductive,positive,1
reputable,positive,1
reputable,trust,1
rescue,joy,1
rescue,positive,1
rescue,trust,1
reserve,positive,1
resident,positive,1
resilient,positive,1
resistive,positive,1
resolutely,positive,1
resources,joy,1
resources,positive,1
resources,trust,1
respect,joy,1
respect,positive,1
respect,trust,1
respectability,positive,1
respectable,positive,1
respectable,trust,1
respectful,positive,1
respectful,trust,1
respecting,positive,1
respects,positive,1
respects,trust,1
respite,joy,1
respite,positive,1
respite,trust,1
resplendent,joy,1
resplendent,positive,1
responsible,positive,1
responsible,trust,1
responsive,positive,1
responsive,trust,1
rest,positive,1
restful,positive,1
restitution,positive,1
restorative,joy,1
restorative,positive,1
restorative,trust,1
restoring,positive,1
restraint,positive,1
resumption,positive,1
retain,trust,1
retention,positive,1
retirement,joy,1
retirement,positive,1
retirement,trust,1
reunion,positive,1
reunion,trust,1
revel,joy,1
revel,positive,1
revels,joy,1
revels,positive,1
revere,joy,1
revere,positive,1
revere,trust,1
reverence,joy,1
reverence,positive,1
reverence,trust,1
reverend,joy,1
reverend,positive,1
reverie,joy,1
reverie,positive,1
reverie,trust,1
revise,positive,1
revival,joy,1
revival,positive,1
revival,trust,1
revive,positive,1
revolution,positive,1
revolutionary,positive,1
reward,joy,1
reward,positive,1
reward,trust,1
rhythm,positive,1
rhythmical,joy,1
rhythmical,positive,1
ribbon,joy,1
ribbon,positive,1
richness,positive,1
rider,positive,1
righteous,positive,1
rightful,positive,1
rightly,positive,1
ripe,positive,1
ripen,positive,1
rising,joy,1
rising,positive,1
riveting,positive,1
roadster,joy,1
roadster,positive,1
roadster,trust,1
robust,positive,1
rock,positive,1
rod,positive,1
rod,trust,1
rollicking,joy,1
rollicking,positive,1
romance,joy,1
romance,positive,1
romance,trust,1
romantic,joy,1
romantic,positive,1
romantic,trust,1
romanticism,joy,1
romanticism,positive,1
romp,joy,1
romp,positive,1
rooted,positive,1
rooted,trust,1
rosy,positive,1
rota,positive,1
rota,trust,1
routine,positive,1
routine,trust,1
royalty,positive,1
rubric,positive,1
rule,trust,1
ruth,positive,1
sadness,trust,1
safe,joy,1
safe,positive,1
safe,trust,1
safeguard,positive,1
safeguard,trust,1
safekeeping,trust,1
sage,positive,1
sage,trust,1
saint,joy,1
saint,positive,1
saint,trust,1
saintly,joy,1
saintly,positive,1
saintly,trust,1
salary,joy,1
salary,positive,1
salary,trust,1
salient,positive,1
salutary,joy,1
salutary,positive,1
salutary,trust,1
salute,joy,1
salute,positive,1
salvation,joy,1
salvation,positive,1
salvation,trust,1
salve,positive,1
samurai,positive,1
sanctification,joy,1
sanctification,positive,1
sanctification,trust,1
sanctify,joy,1
sanctify,positive,1
sanctify,trust,1
sanctuary,joy,1
sanctuary,positive,1
sanctuary,trust,1
sanguine,positive,1
sanitary,positive,1
sappy,trust,1
satin,positive,1
satisfactorily,positive,1
satisfied,joy,1
satisfied,positive,1
save,joy,1
save,positive,1
save,trust,1
savings,positive,1
savor,joy,1
savor,positive,1
savor,trust,1
savory,positive,1
savvy,positive,1
scarecrow,positive,1
sceptical,trust,1
scholar,positive,1
scholarship,joy,1
scholarship,positive,1
school,trust,1
scientific,positive,1
scientific,trust,1
scientist,positive,1
scientist,trust,1
scintilla,positive,1
score,joy,1
score,positive,1
scoundrel,trust,1
scribe,positive,1
script,positive,1
scripture,trust,1
scrumptious,positive,1
sculpture,positive,1
sea,positive,1
seal,positive,1
seal,trust,1
seals,trust,1
seasoned,positive,1
seclusion,positive,1
secrecy,trust,1
secret,trust,1
secretariat,positive,1
securities,trust,1
senate,trust,1
seniority,positive,1
seniority,trust,1
sensational,joy,1
sensational,positive,1
sense,positive,1
sensibility,positive,1
sensibly,positive,1
sensual,joy,1
sensual,positive,1
sensual,trust,1
sensuality,joy,1
sensuality,positive,1
sensuous,joy,1
sensuous,positive,1
sentimental,positive,1
sentimentality,positive,1
sentinel,positive,1
sentinel,trust,1
sentry,trust,1
serene,trust,1
serenity,joy,1
serenity,positive,1
serenity,trust,1
series,trust,1
sermon,positive,1
sermon,trust,1
serum,positive,1
servant,trust,1
serve,trust,1
settlor,positive,1
sex,joy,1
sex,positive,1
sex,trust,1
shape,positive,1
shapely,positive,1
share,joy,1
share,positive,1
share,trust,1
shelter,positive,1
shelter,trust,1
shepherd,positive,1
shepherd,trust,1
sheriff,trust,1
shine,positive,1
shining,joy,1
shining,positive,1
shopkeeper,trust,1
shopping,joy,1
shopping,positive,1
shopping,trust,1
shoulder,positive,1
shoulder,trust,1
show,trust,1
shrewd,positive,1
sib,trust,1
signature,trust,1
silk,positive,1
silly,joy,1
simplify,joy,1
simplify,positive,1
simplify,trust,1
sincere,positive,1
sincere,trust,1
sincerity,positive,1
sing,joy,1
sing,positive,1
sing,trust,1
singly,positive,1
sir,positive,1
sir,trust,1
sisterhood,positive,1
sisterhood,trust,1
skilled,positive,1
skillful,positive,1
skillful,trust,1
sky,positive,1
slate,positive,1
sleek,positive,1
slender,positive,1
slim,positive,1
smile,joy,1
smile,positive,1
smile,trust,1
smiling,joy,1
smiling,positive,1
smith,trust,1
smitten,positive,1
smoothness,positive,1
sneaking,trust,1
snicker,positive,1
sobriety,positive,1
sobriety,trust,1
sociable,positive,1
solace,positive,1
soldier,positive,1
solid,positive,1
solidarity,trust,1
solidity,positive,1
solidity,trust,1
solution,positive,1
solvency,positive,1
sonar,positive,1
sonata,positive,1
sonnet,joy,1
sonnet,positive,1
sonorous,joy,1
sonorous,positive,1
soothe,positive,1
soothing,joy,1
soothing,positive,1
soothing,trust,1
sorter,positive,1
soundness,joy,1
soundness,positive,1
soundness,trust,1
soup,positive,1
sovereign,trust,1
spa,joy,1
spa,positive,1
spa,trust,1
spacious,positive,1
spaniel,joy,1
spaniel,positive,1
spaniel,trust,1
sparkle,joy,1
sparkle,positive,1
special,joy,1
special,positive,1
specialist,trust,1
specialize,trust,1
specie,positive,1
spectacle,positive,1
speech,positive,1
speedy,positive,1
spelling,positive,1
spice,positive,1
spine,positive,1
spirit,positive,1
spirits,joy,1
spirits,positive,1
splendid,joy,1
splendid,positive,1
splendor,joy,1
splendor,positive,1
spokesman,trust,1
sponsor,positive,1
sponsor,trust,1
spotless,positive,1
spotless,trust,1
spouse,joy,1
spouse,positive,1
spouse,trust,1
spruce,positive,1
stable,positive,1
stable,trust,1
staccato,positive,1
stainless,positive,1
stallion,positive,1
stalwart,positive,1
stamina,positive,1
stamina,trust,1
standing,positive,1
star,joy,1
star,positive,1
star,trust,1
stark,trust,1
starlight,positive,1
starry,joy,1
starry,positive,1
stately,positive,1
statement,positive,1
statement,trust,1
statistical,trust,1
statue,positive,1
status,positive,1
staunch,positive,1
steadfast,positive,1
steadfast,trust,1
steady,trust,1
stellar,positive,1
sterling,joy,1
sterling,positive,1
sterling,trust,1
steward,positive,1
steward,trust,1
stillness,positive,1
store,positive,1
straightforward,positive,1
straightforward,trust,1
strategic,positive,1
strategist,positive,1
strategist,trust,1
strength,positive,1
strength,trust,1
strengthen,positive,1
strengthening,joy,1
strengthening,positive,1
strengthening,trust,1
striking,positive,1
strikingly,positive,1
strongly,positive,1
structural,trust,1
structure,positive,1
structure,trust,1
stud,positive,1
study,positive,1
sturdy,positive,1
sublimation,joy,1
sublimation,positive,1
substance,positive,1
substantiate,trust,1
substantive,positive,1
succeed,joy,1
succeed,positive,1
succeed,trust,1
succeeding,joy,1
succeeding,positive,1
succeeding,trust,1
success,joy,1
success,positive,1
successful,joy,1
successful,positive,1
successful,trust,1
succinct,positive,1
succulent,positive,1
sufficiency,positive,1
sugar,positive,1
suggest,trust,1
suitable,positive,1
sultry,positive,1
sun,joy,1
sun,positive,1
sun,trust,1
sundial,trust,1
sunny,joy,1
sunny,positive,1
sunset,positive,1
sunshine,joy,1
sunshine,positive,1
superb,positive,1
superhuman,positive,1
superior,positive,1
superiority,positive,1
superman,joy,1
superman,positive,1
superman,trust,1
superstar,joy,1
superstar,positive,1
superstar,trust,1
superstition,positive,1
supplication,positive,1
supplication,trust,1
supplies,positive,1
supply,positive,1
supported,positive,1
supporter,joy,1
supporter,positive,1
supporter,trust,1
supporting,positive,1
supporting,trust,1
supremacy,joy,1
supremacy,positive,1
supremacy,trust,1
supreme,positive,1
supremely,positive,1
surety,positive,1
surety,trust,1
surmise,positive,1
surpassing,positive,1
surprise,joy,1
surprise,positive,1
surrogate,trust,1
surround,positive,1
surveying,positive,1
survive,positive,1
swear,positive,1
swear,trust,1
sweet,joy,1
sweet,positive,1
sweet,trust,1
sweetheart,joy,1
sweetheart,positive,1
sweetheart,trust,1
sweetie,positive,1
sweetness,positive,1
sweets,joy,1
sweets,positive,1
swift,positive,1
swim,joy,1
swim,positive,1
symbolic,positive,1
symmetrical,positive,1
symmetry,joy,1
symmetry,positive,1
symmetry,trust,1
sympathetic,joy,1
sympathetic,positive,1
sympathetic,trust,1
sympathy,positive,1
symphony,joy,1
symphony,positive,1
synchronize,joy,1
synchronize,positive,1
synchronize,trust,1
synergistic,positive,1
synergistic,trust,1
synod,positive,1
synod,trust,1
synonymous,positive,1
synonymous,trust,1
system,trust,1
tact,positive,1
tactics,trust,1
tale,positive,1
talent,positive,1
talisman,positive,1
talk,positive,1
tandem,trust,1
tanned,positive,1
tantalizing,joy,1
tantalizing,positive,1
tantamount,trust,1
task,positive,1
tasteful,positive,1
tasty,positive,1
taught,trust,1
teach,joy,1
teach,positive,1
teach,trust,1
teacher,positive,1
teacher,trust,1
team,trust,1
technology,positive,1
teens,positive,1
temperance,positive,1
temperate,trust,1
tempered,positive,1
tenable,positive,1
tenacious,positive,1
tenacity,positive,1
tenancy,positive,1
tenant,positive,1
tender,joy,1
tender,positive,1
tender,trust,1
tenderness,joy,1
tenderness,positive,1
testament,trust,1
testimony,trust,1
thankful,joy,1
thankful,positive,1
thanksgiving,joy,1
thanksgiving,positive,1
theocratic,trust,1
theological,trust,1
theorem,trust,1
theoretical,positive,1
theory,trust,1
therapeutic,joy,1
therapeutic,positive,1
therapeutic,trust,1
therapeutics,positive,1
thermometer,trust,1
thinker,positive,1
thoroughbred,positive,1
thoughtful,positive,1
thoughtful,trust,1
thoughtfulness,positive,1
thrift,positive,1
thrift,trust,1
thrill,joy,1
thrill,positive,1
thrilling,joy,1
thrilling,positive,1
thriving,joy,1
thriving,positive,1
throne,positive,1
throne,trust,1
tickle,joy,1
tickle,positive,1
tickle,trust,1
tiling,positive,1
timely,positive,1
tinsel,joy,1
tinsel,positive,1
title,positive,1
title,trust,1
toast,joy,1
toast,positive,1
tolerant,positive,1
toleration,positive,1
top,positive,1
top,trust,1
toughness,positive,1
toughness,trust,1
tower,positive,1
towering,positive,1
trade,trust,1
traditional,positive,1
trainer,trust,1
tranquil,joy,1
tranquil,positive,1
tranquility,joy,1
tranquility,positive,1
tranquility,trust,1
transaction,trust,1
transcendence,joy,1
transcendence,positive,1
transcendence,trust,1
transcendental,positive,1
transcript,trust,1
translation,trust,1
traveling,positive,1
treasure,joy,1
treasure,positive,1
treasure,trust,1
treasurer,trust,1
treat,joy,1
treat,positive,1
treat,trust,1
tree,joy,1
tree,positive,1
tree,trust,1
tremendously,positive,1
trend,positive,1
trendy,positive,1
tribe,trust,1
tribunal,trust,1
tribune,trust,1
tributary,positive,1
tribute,positive,1
trig,positive,1
triumph,joy,1
triumph,positive,1
triumphant,joy,1
triumphant,positive,1
triumphant,trust,1
trophy,joy,1
trophy,positive,1
trophy,trust,1
truce,joy,1
truce,positive,1
truce,trust,1
truck,trust,1
true,joy,1
true,positive,1
true,trust,1
truss,trust,1
trust,trust,1
trustee,trust,1
trusty,positive,1
truth,positive,1
truth,trust,1
truthful,trust,1
truthfulness,positive,1
truthfulness,trust,1
tutelage,positive,1
tutelage,trust,1
tutor,positive,1
twin,positive,1
twinkle,joy,1
twinkle,positive,1
ultimately,positive,1
umpire,positive,1
umpire,trust,1
unaccountable,trust,1
unanimity,positive,1
unanimous,positive,1
unassuming,positive,1
unbeaten,joy,1
unbeaten,positive,1
unbiased,positive,1
unbreakable,positive,1
unbridled,positive,1
unbroken,positive,1
unbroken,trust,1
unconstrained,joy,1
unconstrained,positive,1
underline,positive,1
understanding,positive,1
understanding,trust,1
underwrite,positive,1
underwrite,trust,1
undivided,positive,1
undying,joy,1
undying,positive,1
undying,trust,1
unequivocal,trust,1
unequivocally,positive,1
unexpected,joy,1
unexpected,positive,1
unfold,positive,1
unification,joy,1
unification,positive,1
unification,trust,1
uniformly,positive,1
unimaginable,positive,1
uninfected,positive,1
unique,positive,1
unison,positive,1
unitary,positive,1
united,positive,1
united,trust,1
unity,positive,1
unity,trust,1
university,positive,1
unlimited,positive,1
unpretentious,positive,1
unquestionable,positive,1
unquestionable,trust,1
unquestionably,positive,1
unquestionably,trust,1
unquestioned,positive,1
unquestioned,trust,1
unreliable,trust,1
unscathed,positive,1
unselfish,positive,1
unsurpassed,joy,1
unsurpassed,positive,1
unsurpassed,trust,1
untie,joy,1
untie,positive,1
unwavering,positive,1
unwavering,trust,1
uphill,positive,1
uplift,joy,1
uplift,positive,1
uplift,trust,1
upright,positive,1
upright,trust,1
usefulness,positive,1
usher,positive,1
usher,trust,1
usual,positive,1
usual,trust,1
utility,positive,1
utopian,joy,1
utopian,positive,1
utopian,trust,1
vacation,joy,1
vacation,positive,1
vaccine,positive,1
valiant,positive,1
valor,positive,1
valor,trust,1
valuable,positive,1
vanguard,positive,1
vanquish,positive,1
veal,trust,1
velvet,positive,1
velvety,positive,1
venerable,joy,1
venerable,positive,1
venerable,trust,1
veneration,positive,1
veracity,joy,1
veracity,positive,1
veracity,trust,1
verdant,positive,1
verification,positive,1
verification,trust,1
verified,positive,1
verified,trust,1
verily,positive,1
verily,trust,1
veritable,positive,1
vernal,joy,1
vernal,positive,1
verve,positive,1
veteran,positive,1
veteran,trust,1
vicar,positive,1
vicar,trust,1
victor,joy,1
victor,positive,1
victorious,joy,1
victorious,positive,1
victory,joy,1
victory,positive,1
victory,trust,1
vigilance,positive,1
vigilance,trust,1
vigilant,positive,1
vigilant,trust,1
vigor,positive,1
vigorous,positive,1
vigorous,trust,1
villager,positive,1
villager,trust,1
vindicated,positive,1
vindication,joy,1
vindication,positive,1
vindication,trust,1
virgin,positive,1
virgin,trust,1
virginity,positive,1
virtue,positive,1
virtue,trust,1
virtuous,joy,1
virtuous,positive,1
virtuous,trust,1
vision,positive,1
visionary,joy,1
visionary,positive,1
visionary,trust,1
visit,positive,1
visitor,joy,1
visitor,positive,1
vital,positive,1
vitality,joy,1
vitality,positive,1
vitality,trust,1
vivacious,joy,1
vivacious,positive,1
vivid,joy,1
vivid,positive,1
vocabulary,positive,1
volunteer,joy,1
volunteer,positive,1
volunteer,trust,1
volunteers,trust,1
voluptuous,joy,1
voluptuous,positive,1
vote,joy,1
vote,positive,1
vote,trust,1
votive,trust,1
vouch,positive,1
vouch,trust,1
voucher,trust,1
vow,joy,1
vow,positive,1
vow,trust,1
wages,joy,1
wages,positive,1
warden,trust,1
warn,trust,1
warranty,positive,1
warranty,trust,1
warrior,positive,1
watchdog,positive,1
watchdog,trust,1
watchful,positive,1
watchful,trust,1
watchman,positive,1
watchman,trust,1
waterproof,positive,1
wealth,joy,1
wealth,positive,1
wealth,trust,1
wear,trust,1
weatherproof,positive,1
weigh,trust,1
weight,joy,1
weight,positive,1
weight,trust,1
welcomed,joy,1
welcomed,positive,1
whim,joy,1
whimsical,joy,1
whiteness,joy,1
whiteness,positive,1
wholesome,positive,1
wholesome,trust,1
wicket,positive,1
widespread,positive,1
willingly,positive,1
willingness,positive,1
windfall,positive,1
winner,joy,1
winner,positive,1
winning,joy,1
winning,positive,1
winning,trust,1
winnings,joy,1
winnings,positive,1
wireless,positive,1
wis,positive,1
wisdom,positive,1
wisdom,trust,1
wise,positive,1
wit,positive,1
withstand,positive,1
witness,trust,1
wits,positive,1
witty,joy,1
witty,positive,1
wizard,positive,1
womb,positive,1
wonderful,joy,1
wonderful,positive,1
wonderful,trust,1
wonderfully,joy,1
wonderfully,positive,1
wondrous,positive,1
word,positive,1
word,trust,1
working,positive,1
worship,joy,1
worship,positive,1
worship,trust,1
worth,positive,1
worthy,positive,1
worthy,trust,1
wot,positive,1
wot,trust,1
writer,positive,1
yearning,joy,1
yearning,positive,1
yearning,trust,1
youth,joy,1
youth,positive,1
zeal,joy,1
zeal,positive,1
zeal,trust,1
zealous,joy,1
zealous,positive,1
zealous,trust,1
zest,joy,1
zest,positive,1
zest,trust,1
